{
  "model": "elo",
  "matches": 1900,
  "accuracy_1x2": 0.5326315789473685,
  "log_loss": 0.9878805887600588,
  "brier_score": 0.5887489909809986,
  "start_rating": 1500.0,
  "k": 40.0,
  "home_adv": 65.0,
  "draw_prob": 0.23
}