{
  "model": "elo",
  "matches": 1520,
  "accuracy_1x2": 0.5407894736842105,
  "log_loss": 0.9775822377057797,
  "brier_score": 0.5813447153488719,
  "start_rating": 1500.0,
  "k": 40.0,
  "home_adv": 65.0,
  "draw_prob": 0.23
}