{
  "model": "combined",
  "matches": 1800,
  "accuracy_1x2": 0.5333333333333333,
  "log_loss": 0.9799760841471459,
  "brier_score": 0.583293972112591,
  "elo_weight": 0.7,
  "poisson_weight": 0.30000000000000004,
  "min_train_matches": 100
}