{
  "model": "combined",
  "matches": 1420,
  "accuracy_1x2": 0.5492957746478874,
  "log_loss": 0.9673890609134483,
  "brier_score": 0.5742877058687372,
  "elo_weight": 0.7,
  "poisson_weight": 0.30000000000000004,
  "min_train_matches": 100
}